CREATE DATABASE  IF NOT EXISTS `sad2` /*!40100 DEFAULT CHARACTER SET utf8 */;
USE `sad2`;
-- MySQL dump 10.13  Distrib 5.7.12, for Win64 (x86_64)
--
-- Host: localhost    Database: sad2
-- ------------------------------------------------------
-- Server version	5.7.16-log

/*!40101 SET @OLD_CHARACTER_SET_CLIENT=@@CHARACTER_SET_CLIENT */;
/*!40101 SET @OLD_CHARACTER_SET_RESULTS=@@CHARACTER_SET_RESULTS */;
/*!40101 SET @OLD_COLLATION_CONNECTION=@@COLLATION_CONNECTION */;
/*!40101 SET NAMES utf8 */;
/*!40103 SET @OLD_TIME_ZONE=@@TIME_ZONE */;
/*!40103 SET TIME_ZONE='+00:00' */;
/*!40014 SET @OLD_UNIQUE_CHECKS=@@UNIQUE_CHECKS, UNIQUE_CHECKS=0 */;
/*!40014 SET @OLD_FOREIGN_KEY_CHECKS=@@FOREIGN_KEY_CHECKS, FOREIGN_KEY_CHECKS=0 */;
/*!40101 SET @OLD_SQL_MODE=@@SQL_MODE, SQL_MODE='NO_AUTO_VALUE_ON_ZERO' */;
/*!40111 SET @OLD_SQL_NOTES=@@SQL_NOTES, SQL_NOTES=0 */;

--
-- Table structure for table `applicant`
--

DROP TABLE IF EXISTS `applicant`;
/*!40101 SET @saved_cs_client     = @@character_set_client */;
/*!40101 SET character_set_client = utf8 */;
CREATE TABLE `applicant` (
  `applicantID` int(11) NOT NULL AUTO_INCREMENT,
  `profileID` int(11) NOT NULL,
  `applicationID` int(11) NOT NULL,
  PRIMARY KEY (`applicantID`),
  KEY `applicant_genprof_idx` (`profileID`),
  KEY `applicant_application_idx` (`applicationID`),
  CONSTRAINT `applicant_application` FOREIGN KEY (`applicationID`) REFERENCES `application` (`applicationID`) ON DELETE NO ACTION ON UPDATE NO ACTION,
  CONSTRAINT `applicant_genprof` FOREIGN KEY (`profileID`) REFERENCES `generalprofile` (`profileID`) ON DELETE NO ACTION ON UPDATE NO ACTION
) ENGINE=InnoDB AUTO_INCREMENT=14 DEFAULT CHARSET=utf8;
/*!40101 SET character_set_client = @saved_cs_client */;

--
-- Dumping data for table `applicant`
--

LOCK TABLES `applicant` WRITE;
/*!40000 ALTER TABLE `applicant` DISABLE KEYS */;
INSERT INTO `applicant` VALUES (9,8,10),(10,9,11),(11,8,12),(12,8,13),(13,9,13);
/*!40000 ALTER TABLE `applicant` ENABLE KEYS */;
UNLOCK TABLES;

--
-- Table structure for table `application`
--

DROP TABLE IF EXISTS `application`;
/*!40101 SET @saved_cs_client     = @@character_set_client */;
/*!40101 SET character_set_client = utf8 */;
CREATE TABLE `application` (
  `applicationID` int(11) NOT NULL AUTO_INCREMENT,
  `sacramentType` int(11) DEFAULT NULL,
  `status` int(11) DEFAULT NULL,
  `requirements` varchar(45) DEFAULT NULL,
  PRIMARY KEY (`applicationID`),
  KEY `sacType_idx` (`sacramentType`),
  CONSTRAINT `sacType` FOREIGN KEY (`sacramentType`) REFERENCES `itemtype` (`itemTypeID`) ON DELETE NO ACTION ON UPDATE NO ACTION
) ENGINE=InnoDB AUTO_INCREMENT=14 DEFAULT CHARSET=utf8;
/*!40101 SET character_set_client = @saved_cs_client */;

--
-- Dumping data for table `application`
--

LOCK TABLES `application` WRITE;
/*!40000 ALTER TABLE `application` DISABLE KEYS */;
INSERT INTO `application` VALUES (10,1,2,'000'),(11,1,1,'000'),(12,2,2,'000'),(13,3,1,'0000000');
/*!40000 ALTER TABLE `application` ENABLE KEYS */;
UNLOCK TABLES;

--
-- Table structure for table `baptism`
--

DROP TABLE IF EXISTS `baptism`;
/*!40101 SET @saved_cs_client     = @@character_set_client */;
/*!40101 SET character_set_client = utf8 */;
CREATE TABLE `baptism` (
  `baptismID` int(11) NOT NULL AUTO_INCREMENT,
  `applicationID` int(11) NOT NULL,
  `ministerID` int(11) DEFAULT NULL,
  `recordNumber` varchar(45) DEFAULT NULL,
  `pageNumber` varchar(45) DEFAULT NULL,
  `registryNumber` varchar(45) DEFAULT NULL,
  `baptismDate` datetime DEFAULT NULL,
  `remarks` text,
  `legitimacy` int(11) DEFAULT NULL,
  PRIMARY KEY (`baptismID`),
  KEY `baptism_app_idx` (`applicationID`),
  KEY `baptism_minister_idx` (`ministerID`),
  CONSTRAINT `baptism_app` FOREIGN KEY (`applicationID`) REFERENCES `application` (`applicationID`) ON DELETE NO ACTION ON UPDATE NO ACTION,
  CONSTRAINT `baptism_minister` FOREIGN KEY (`ministerID`) REFERENCES `minister` (`ministerID`) ON DELETE NO ACTION ON UPDATE NO ACTION
) ENGINE=InnoDB AUTO_INCREMENT=3 DEFAULT CHARSET=utf8;
/*!40101 SET character_set_client = @saved_cs_client */;

--
-- Dumping data for table `baptism`
--

LOCK TABLES `baptism` WRITE;
/*!40000 ALTER TABLE `baptism` DISABLE KEYS */;
INSERT INTO `baptism` VALUES (2,10,3,NULL,NULL,NULL,'2017-09-09 00:00:00','',1);
/*!40000 ALTER TABLE `baptism` ENABLE KEYS */;
UNLOCK TABLES;

--
-- Table structure for table `bloodclaimant`
--

DROP TABLE IF EXISTS `bloodclaimant`;
/*!40101 SET @saved_cs_client     = @@character_set_client */;
/*!40101 SET character_set_client = utf8 */;
CREATE TABLE `bloodclaimant` (
  `bloodclaimantID` int(11) NOT NULL AUTO_INCREMENT,
  `firstname` text,
  `midname` text,
  `lastname` text,
  `suffix` text,
  PRIMARY KEY (`bloodclaimantID`)
) ENGINE=InnoDB AUTO_INCREMENT=3 DEFAULT CHARSET=utf8;
/*!40101 SET character_set_client = @saved_cs_client */;

--
-- Dumping data for table `bloodclaimant`
--

LOCK TABLES `bloodclaimant` WRITE;
/*!40000 ALTER TABLE `bloodclaimant` DISABLE KEYS */;
/*!40000 ALTER TABLE `bloodclaimant` ENABLE KEYS */;
UNLOCK TABLES;

--
-- Table structure for table `blooddonation`
--

DROP TABLE IF EXISTS `blooddonation`;
/*!40101 SET @saved_cs_client     = @@character_set_client */;
/*!40101 SET character_set_client = utf8 */;
CREATE TABLE `blooddonation` (
  `bloodDonationID` int(11) NOT NULL AUTO_INCREMENT,
  `profileID` int(11) NOT NULL,
  `bloodDonationEventID` int(11) NOT NULL,
  `donationID` int(11) NOT NULL,
  `bloodclaimant` int(11) DEFAULT NULL,
  PRIMARY KEY (`bloodDonationID`),
  KEY `fk_blooddonation_blooddonationevent1_idx` (`bloodDonationEventID`),
  KEY `fk_donor_idx` (`profileID`),
  KEY `fk_claimant_idx` (`bloodclaimant`),
  CONSTRAINT `fk_blooddonation_blooddonationevent1` FOREIGN KEY (`bloodDonationEventID`) REFERENCES `blooddonationevent` (`bloodDonationEventID`) ON DELETE NO ACTION ON UPDATE NO ACTION,
  CONSTRAINT `fk_claimant` FOREIGN KEY (`bloodclaimant`) REFERENCES `bloodclaimant` (`bloodclaimantID`) ON DELETE NO ACTION ON UPDATE NO ACTION,
  CONSTRAINT `fk_donor` FOREIGN KEY (`profileID`) REFERENCES `blooddonor` (`blooddonorID`) ON DELETE NO ACTION ON UPDATE NO ACTION
) ENGINE=InnoDB AUTO_INCREMENT=23 DEFAULT CHARSET=utf8;
/*!40101 SET character_set_client = @saved_cs_client */;

--
-- Dumping data for table `blooddonation`
--

LOCK TABLES `blooddonation` WRITE;
/*!40000 ALTER TABLE `blooddonation` DISABLE KEYS */;
/*!40000 ALTER TABLE `blooddonation` ENABLE KEYS */;
UNLOCK TABLES;

--
-- Table structure for table `blooddonationevent`
--

DROP TABLE IF EXISTS `blooddonationevent`;
/*!40101 SET @saved_cs_client     = @@character_set_client */;
/*!40101 SET character_set_client = utf8 */;
CREATE TABLE `blooddonationevent` (
  `bloodDonationEventID` int(11) NOT NULL AUTO_INCREMENT,
  `eventName` text,
  `startDateTime` datetime DEFAULT NULL,
  `endDateTime` datetime DEFAULT NULL,
  `eventVenue` text,
  `eventDetails` text,
  PRIMARY KEY (`bloodDonationEventID`)
) ENGINE=InnoDB AUTO_INCREMENT=2 DEFAULT CHARSET=utf8;
/*!40101 SET character_set_client = @saved_cs_client */;

--
-- Dumping data for table `blooddonationevent`
--

LOCK TABLES `blooddonationevent` WRITE;
/*!40000 ALTER TABLE `blooddonationevent` DISABLE KEYS */;
/*!40000 ALTER TABLE `blooddonationevent` ENABLE KEYS */;
UNLOCK TABLES;

--
-- Table structure for table `blooddonor`
--

DROP TABLE IF EXISTS `blooddonor`;
/*!40101 SET @saved_cs_client     = @@character_set_client */;
/*!40101 SET character_set_client = utf8 */;
CREATE TABLE `blooddonor` (
  `blooddonorID` int(11) NOT NULL AUTO_INCREMENT,
  `firstname` text,
  `midname` text,
  `lastname` text,
  `suffix` varchar(45) DEFAULT NULL,
  `bloodtype` int(11) DEFAULT NULL,
  `address` text,
  `contactnumber` text,
  PRIMARY KEY (`blooddonorID`)
) ENGINE=InnoDB AUTO_INCREMENT=28 DEFAULT CHARSET=utf8;
/*!40101 SET character_set_client = @saved_cs_client */;

--
-- Dumping data for table `blooddonor`
--

LOCK TABLES `blooddonor` WRITE;
/*!40000 ALTER TABLE `blooddonor` DISABLE KEYS */;
/*!40000 ALTER TABLE `blooddonor` ENABLE KEYS */;
UNLOCK TABLES;

--
-- Table structure for table `cashreleaseitem`
--

DROP TABLE IF EXISTS `cashreleaseitem`;
/*!40101 SET @saved_cs_client     = @@character_set_client */;
/*!40101 SET character_set_client = utf8 */;
CREATE TABLE `cashreleaseitem` (
  `cashReleaseID` int(11) NOT NULL AUTO_INCREMENT,
  `CashReleaseVoucherID` int(11) NOT NULL,
  `cashReleaseTypeID` int(11) NOT NULL,
  `releaseAmount` decimal(10,2) NOT NULL,
  PRIMARY KEY (`cashReleaseID`),
  KEY `a_idx` (`cashReleaseTypeID`),
  KEY `b_idx` (`CashReleaseVoucherID`),
  CONSTRAINT `a` FOREIGN KEY (`cashReleaseTypeID`) REFERENCES `itemtype` (`itemTypeID`) ON DELETE NO ACTION ON UPDATE NO ACTION,
  CONSTRAINT `b` FOREIGN KEY (`CashReleaseVoucherID`) REFERENCES `cashreleasevoucher` (`CashReleaseVoucherID`) ON DELETE NO ACTION ON UPDATE NO ACTION
) ENGINE=InnoDB AUTO_INCREMENT=33 DEFAULT CHARSET=utf8;
/*!40101 SET character_set_client = @saved_cs_client */;

--
-- Dumping data for table `cashreleaseitem`
--

LOCK TABLES `cashreleaseitem` WRITE;
/*!40000 ALTER TABLE `cashreleaseitem` DISABLE KEYS */;
/*!40000 ALTER TABLE `cashreleaseitem` ENABLE KEYS */;
UNLOCK TABLES;

--
-- Table structure for table `cashreleasevoucher`
--

DROP TABLE IF EXISTS `cashreleasevoucher`;
/*!40101 SET @saved_cs_client     = @@character_set_client */;
/*!40101 SET character_set_client = utf8 */;
CREATE TABLE `cashreleasevoucher` (
  `CashReleaseVoucherID` int(11) NOT NULL AUTO_INCREMENT,
  `cashReleaseDateTime` datetime NOT NULL,
  `remark` varchar(45) DEFAULT NULL,
  `checkNum` int(11) NOT NULL,
  `CVnum` int(11) NOT NULL,
  `bookType` int(11) NOT NULL,
  `name` text,
  PRIMARY KEY (`CashReleaseVoucherID`)
) ENGINE=InnoDB AUTO_INCREMENT=27 DEFAULT CHARSET=utf8;
/*!40101 SET character_set_client = @saved_cs_client */;

--
-- Dumping data for table `cashreleasevoucher`
--

LOCK TABLES `cashreleasevoucher` WRITE;
/*!40000 ALTER TABLE `cashreleasevoucher` DISABLE KEYS */;
/*!40000 ALTER TABLE `cashreleasevoucher` ENABLE KEYS */;
UNLOCK TABLES;

--
-- Table structure for table `confirmation`
--

DROP TABLE IF EXISTS `confirmation`;
/*!40101 SET @saved_cs_client     = @@character_set_client */;
/*!40101 SET character_set_client = utf8 */;
CREATE TABLE `confirmation` (
  `confirmationID` int(11) NOT NULL AUTO_INCREMENT,
  `applicationID` int(11) NOT NULL,
  `ministerID` int(11) DEFAULT NULL,
  `recordNumber` varchar(45) DEFAULT NULL,
  `pageNumber` varchar(45) DEFAULT NULL,
  `registryNumber` varchar(45) DEFAULT NULL,
  `confirmationDate` date DEFAULT NULL,
  `remarks` text,
  PRIMARY KEY (`confirmationID`),
  KEY `confirmation_app_idx` (`applicationID`),
  KEY `confirmation_minister_idx` (`ministerID`),
  CONSTRAINT `confirmation_app` FOREIGN KEY (`applicationID`) REFERENCES `application` (`applicationID`) ON DELETE NO ACTION ON UPDATE NO ACTION,
  CONSTRAINT `confirmation_minister` FOREIGN KEY (`ministerID`) REFERENCES `minister` (`ministerID`) ON DELETE NO ACTION ON UPDATE NO ACTION
) ENGINE=InnoDB AUTO_INCREMENT=2 DEFAULT CHARSET=utf8;
/*!40101 SET character_set_client = @saved_cs_client */;

--
-- Dumping data for table `confirmation`
--

LOCK TABLES `confirmation` WRITE;
/*!40000 ALTER TABLE `confirmation` DISABLE KEYS */;
INSERT INTO `confirmation` VALUES (1,12,3,NULL,NULL,NULL,'2017-09-09','');
/*!40000 ALTER TABLE `confirmation` ENABLE KEYS */;
UNLOCK TABLES;

--
-- Table structure for table `employee`
--

DROP TABLE IF EXISTS `employee`;
/*!40101 SET @saved_cs_client     = @@character_set_client */;
/*!40101 SET character_set_client = utf8 */;
CREATE TABLE `employee` (
  `employeeID` int(11) NOT NULL AUTO_INCREMENT,
  `firstname` text,
  `midname` text,
  `lastname` text,
  `suffix` varchar(45) DEFAULT NULL,
  `username` varchar(45) NOT NULL,
  `pass` longtext NOT NULL,
  `status` int(11) NOT NULL DEFAULT '1',
  `addedBy` int(11) DEFAULT NULL,
  `privileges` varchar(45) DEFAULT NULL,
  PRIMARY KEY (`employeeID`),
  UNIQUE KEY `username_UNIQUE` (`username`)
) ENGINE=InnoDB AUTO_INCREMENT=9 DEFAULT CHARSET=utf8;
/*!40101 SET character_set_client = @saved_cs_client */;

--
-- Dumping data for table `employee`
--

LOCK TABLES `employee` WRITE;
/*!40000 ALTER TABLE `employee` DISABLE KEYS */;
/*!40000 ALTER TABLE `employee` ENABLE KEYS */;
UNLOCK TABLES;

--
-- Table structure for table `generalprofile`
--

DROP TABLE IF EXISTS `generalprofile`;
/*!40101 SET @saved_cs_client     = @@character_set_client */;
/*!40101 SET character_set_client = utf8 */;
CREATE TABLE `generalprofile` (
  `profileID` int(11) NOT NULL AUTO_INCREMENT,
  `firstName` text,
  `midName` text,
  `lastName` text,
  `suffix` varchar(5) DEFAULT NULL,
  `birthdate` date DEFAULT NULL,
  `gender` int(11) DEFAULT NULL,
  `birthplace` varchar(45) DEFAULT NULL,
  `residence` int(11) DEFAULT NULL,
  PRIMARY KEY (`profileID`),
  UNIQUE KEY `personName` (`suffix`,`birthdate`,`gender`)
) ENGINE=InnoDB AUTO_INCREMENT=10 DEFAULT CHARSET=utf8;
/*!40101 SET character_set_client = @saved_cs_client */;

--
-- Dumping data for table `generalprofile`
--

LOCK TABLES `generalprofile` WRITE;
/*!40000 ALTER TABLE `generalprofile` DISABLE KEYS */;
INSERT INTO `generalprofile` VALUES (7,'Dewey','L','Sia','','1998-09-26',1,NULL,NULL),(8,'Timothy','L','Agate','','2017-07-16',1,NULL,NULL),(9,'Janice','A','Wittaker','','2017-07-16',2,NULL,NULL);
/*!40000 ALTER TABLE `generalprofile` ENABLE KEYS */;
UNLOCK TABLES;

--
-- Table structure for table `item`
--

DROP TABLE IF EXISTS `item`;
/*!40101 SET @saved_cs_client     = @@character_set_client */;
/*!40101 SET character_set_client = utf8 */;
CREATE TABLE `item` (
  `itemID` int(11) NOT NULL AUTO_INCREMENT,
  `itemTypeID` int(11) NOT NULL,
  `primaryIncomeID` int(11) NOT NULL,
  `price` decimal(15,2) NOT NULL,
  `quantity` int(11) NOT NULL,
  PRIMARY KEY (`itemID`),
  UNIQUE KEY `itemID_UNIQUE` (`itemID`),
  KEY `item_itemType_idx` (`itemTypeID`),
  KEY `item_primaryIncome_idx` (`primaryIncomeID`),
  CONSTRAINT `item_itemType` FOREIGN KEY (`itemTypeID`) REFERENCES `itemtype` (`itemTypeID`) ON DELETE NO ACTION ON UPDATE CASCADE,
  CONSTRAINT `item_primaryIncome` FOREIGN KEY (`primaryIncomeID`) REFERENCES `primaryincome` (`primaryIncomeID`) ON DELETE NO ACTION ON UPDATE CASCADE
) ENGINE=InnoDB AUTO_INCREMENT=87 DEFAULT CHARSET=utf8;
/*!40101 SET character_set_client = @saved_cs_client */;

--
-- Dumping data for table `item`
--

LOCK TABLES `item` WRITE;
/*!40000 ALTER TABLE `item` DISABLE KEYS */;
/*!40000 ALTER TABLE `item` ENABLE KEYS */;
UNLOCK TABLES;

--
-- Table structure for table `itemtype`
--

DROP TABLE IF EXISTS `itemtype`;
/*!40101 SET @saved_cs_client     = @@character_set_client */;
/*!40101 SET character_set_client = utf8 */;
CREATE TABLE `itemtype` (
  `itemTypeID` int(11) NOT NULL AUTO_INCREMENT,
  `itemType` varchar(45) NOT NULL,
  `bookType` int(11) NOT NULL,
  `suggestedPrice` decimal(15,2) DEFAULT NULL,
  `status` int(11) NOT NULL,
  `details` text,
  `cashreceipt_cashdisbursment` int(11) DEFAULT NULL,
  PRIMARY KEY (`itemTypeID`),
  UNIQUE KEY `itemTypeID_UNIQUE` (`itemTypeID`)
) ENGINE=InnoDB AUTO_INCREMENT=5 DEFAULT CHARSET=utf8;
/*!40101 SET character_set_client = @saved_cs_client */;

--
-- Dumping data for table `itemtype`
--

LOCK TABLES `itemtype` WRITE;
/*!40000 ALTER TABLE `itemtype` DISABLE KEYS */;
INSERT INTO `itemtype` VALUES (1,'Baptism',1,200.00,1,NULL,1),(2,'Confirmation',1,500.00,1,NULL,1),(3,'Marriage',1,2000.00,1,NULL,1);
/*!40000 ALTER TABLE `itemtype` ENABLE KEYS */;
UNLOCK TABLES;

--
-- Table structure for table `marriage`
--

DROP TABLE IF EXISTS `marriage`;
/*!40101 SET @saved_cs_client     = @@character_set_client */;
/*!40101 SET character_set_client = utf8 */;
CREATE TABLE `marriage` (
  `marriageID` int(11) NOT NULL AUTO_INCREMENT,
  `applicationID` int(11) NOT NULL,
  `ministerID` int(11) DEFAULT NULL,
  `recordNumber` varchar(45) DEFAULT NULL,
  `pageNumber` varchar(4) DEFAULT NULL,
  `registryNumber` varchar(45) DEFAULT NULL,
  `licenseDate` date DEFAULT NULL,
  `marriageDate` date DEFAULT NULL,
  `status` int(11) DEFAULT NULL,
  `remarks` text,
  `civilStatusGroom` int(11) DEFAULT NULL,
  `civilStatusBride` int(11) DEFAULT NULL,
  PRIMARY KEY (`marriageID`),
  KEY `marriage_minister_idx` (`ministerID`),
  KEY `marraige_application_idx` (`applicationID`),
  CONSTRAINT `marraige_application` FOREIGN KEY (`applicationID`) REFERENCES `application` (`applicationID`) ON DELETE NO ACTION ON UPDATE NO ACTION,
  CONSTRAINT `marriage_minister` FOREIGN KEY (`ministerID`) REFERENCES `minister` (`ministerID`) ON DELETE NO ACTION ON UPDATE NO ACTION
) ENGINE=InnoDB DEFAULT CHARSET=utf8;
/*!40101 SET character_set_client = @saved_cs_client */;

--
-- Dumping data for table `marriage`
--

LOCK TABLES `marriage` WRITE;
/*!40000 ALTER TABLE `marriage` DISABLE KEYS */;
/*!40000 ALTER TABLE `marriage` ENABLE KEYS */;
UNLOCK TABLES;

--
-- Table structure for table `minister`
--

DROP TABLE IF EXISTS `minister`;
/*!40101 SET @saved_cs_client     = @@character_set_client */;
/*!40101 SET character_set_client = utf8 */;
CREATE TABLE `minister` (
  `ministerID` int(11) NOT NULL AUTO_INCREMENT,
  `firstName` text,
  `midName` text,
  `lastName` text,
  `suffix` varchar(10) DEFAULT NULL,
  `birthdate` date DEFAULT NULL,
  `ministryType` int(11) DEFAULT NULL,
  `status` int(11) DEFAULT NULL,
  `licenseNumber` text,
  `expirationDate` date DEFAULT NULL,
  PRIMARY KEY (`ministerID`)
) ENGINE=InnoDB AUTO_INCREMENT=4 DEFAULT CHARSET=utf8;
/*!40101 SET character_set_client = @saved_cs_client */;

--
-- Dumping data for table `minister`
--

LOCK TABLES `minister` WRITE;
/*!40000 ALTER TABLE `minister` DISABLE KEYS */;
INSERT INTO `minister` VALUES (3,'Boyle','A','Royce','II','1960-01-02',2,1,NULL,NULL);
/*!40000 ALTER TABLE `minister` ENABLE KEYS */;
UNLOCK TABLES;

--
-- Table structure for table `ministerschedule`
--

DROP TABLE IF EXISTS `ministerschedule`;
/*!40101 SET @saved_cs_client     = @@character_set_client */;
/*!40101 SET character_set_client = utf8 */;
CREATE TABLE `ministerschedule` (
  `ministerScheduleID` int(11) NOT NULL AUTO_INCREMENT,
  `ministerID` int(11) DEFAULT NULL,
  `title` text,
  `details` text,
  `startDateTime` datetime DEFAULT NULL,
  `endDateTime` datetime DEFAULT NULL,
  PRIMARY KEY (`ministerScheduleID`),
  KEY `ministerschedule_minister_idx` (`ministerID`),
  CONSTRAINT `ministerschedule_minister` FOREIGN KEY (`ministerID`) REFERENCES `minister` (`ministerID`) ON DELETE NO ACTION ON UPDATE NO ACTION
) ENGINE=InnoDB DEFAULT CHARSET=utf8;
/*!40101 SET character_set_client = @saved_cs_client */;

--
-- Dumping data for table `ministerschedule`
--

LOCK TABLES `ministerschedule` WRITE;
/*!40000 ALTER TABLE `ministerschedule` DISABLE KEYS */;
/*!40000 ALTER TABLE `ministerschedule` ENABLE KEYS */;
UNLOCK TABLES;

--
-- Table structure for table `parent`
--

DROP TABLE IF EXISTS `parent`;
/*!40101 SET @saved_cs_client     = @@character_set_client */;
/*!40101 SET character_set_client = utf8 */;
CREATE TABLE `parent` (
  `parentID` int(11) NOT NULL AUTO_INCREMENT,
  `profileID` int(11) DEFAULT NULL,
  `firstName` text,
  `midName` text,
  `lastName` text,
  `suffix` varchar(5) DEFAULT NULL,
  `birthdate` date DEFAULT NULL,
  `gender` int(11) DEFAULT NULL,
  `birthplace` text,
  `residence` text,
  PRIMARY KEY (`parentID`),
  KEY `parent_genprof_idx` (`profileID`),
  CONSTRAINT `parent_genprof` FOREIGN KEY (`profileID`) REFERENCES `generalprofile` (`profileID`) ON DELETE NO ACTION ON UPDATE NO ACTION
) ENGINE=InnoDB AUTO_INCREMENT=5 DEFAULT CHARSET=utf8;
/*!40101 SET character_set_client = @saved_cs_client */;

--
-- Dumping data for table `parent`
--

LOCK TABLES `parent` WRITE;
/*!40000 ALTER TABLE `parent` DISABLE KEYS */;
INSERT INTO `parent` VALUES (3,8,'Harland','C','Outten','',NULL,2,'Tawanna',NULL),(4,8,'Vella','K','Klingmans','',NULL,1,'Valdasia',NULL);
/*!40000 ALTER TABLE `parent` ENABLE KEYS */;
UNLOCK TABLES;

--
-- Table structure for table `payment`
--

DROP TABLE IF EXISTS `payment`;
/*!40101 SET @saved_cs_client     = @@character_set_client */;
/*!40101 SET character_set_client = utf8 */;
CREATE TABLE `payment` (
  `paymentID` int(11) NOT NULL AUTO_INCREMENT,
  `sacramentIncomeID` int(11) NOT NULL,
  `primaryIncomeID` int(11) NOT NULL,
  `amount` decimal(15,2) NOT NULL,
  PRIMARY KEY (`paymentID`),
  KEY `payment_sacramentIncome_idx` (`sacramentIncomeID`),
  KEY `payment_primaryIncome_idx` (`primaryIncomeID`),
  CONSTRAINT `payment_primaryIncome` FOREIGN KEY (`primaryIncomeID`) REFERENCES `primaryincome` (`primaryIncomeID`) ON DELETE NO ACTION ON UPDATE NO ACTION,
  CONSTRAINT `payment_sacramentIncome` FOREIGN KEY (`sacramentIncomeID`) REFERENCES `sacramentincome` (`sacramentIncomeID`) ON DELETE NO ACTION ON UPDATE NO ACTION
) ENGINE=InnoDB AUTO_INCREMENT=39 DEFAULT CHARSET=utf8;
/*!40101 SET character_set_client = @saved_cs_client */;

--
-- Dumping data for table `payment`
--

LOCK TABLES `payment` WRITE;
/*!40000 ALTER TABLE `payment` DISABLE KEYS */;
/*!40000 ALTER TABLE `payment` ENABLE KEYS */;
UNLOCK TABLES;

--
-- Table structure for table `primaryincome`
--

DROP TABLE IF EXISTS `primaryincome`;
/*!40101 SET @saved_cs_client     = @@character_set_client */;
/*!40101 SET character_set_client = utf8 */;
CREATE TABLE `primaryincome` (
  `primaryIncomeID` int(11) NOT NULL AUTO_INCREMENT,
  `sourceName` text,
  `bookType` text NOT NULL,
  `ORnum` int(11) NOT NULL,
  `remarks` varchar(45) NOT NULL,
  `primaryIncomeDateTime` datetime DEFAULT NULL,
  PRIMARY KEY (`primaryIncomeID`),
  UNIQUE KEY `itemID_UNIQUE` (`primaryIncomeID`)
) ENGINE=InnoDB AUTO_INCREMENT=126 DEFAULT CHARSET=utf8;
/*!40101 SET character_set_client = @saved_cs_client */;

--
-- Dumping data for table `primaryincome`
--

LOCK TABLES `primaryincome` WRITE;
/*!40000 ALTER TABLE `primaryincome` DISABLE KEYS */;
/*!40000 ALTER TABLE `primaryincome` ENABLE KEYS */;
UNLOCK TABLES;

--
-- Table structure for table `sacramentincome`
--

DROP TABLE IF EXISTS `sacramentincome`;
/*!40101 SET @saved_cs_client     = @@character_set_client */;
/*!40101 SET character_set_client = utf8 */;
CREATE TABLE `sacramentincome` (
  `sacramentIncomeID` int(11) NOT NULL AUTO_INCREMENT,
  `applicationID` int(11) NOT NULL,
  `price` double DEFAULT NULL,
  `remarks` text NOT NULL,
  PRIMARY KEY (`sacramentIncomeID`),
  KEY `sacramentIncome_application_idx` (`applicationID`),
  CONSTRAINT `sacramentIncome_application` FOREIGN KEY (`applicationID`) REFERENCES `application` (`applicationID`) ON DELETE NO ACTION ON UPDATE NO ACTION
) ENGINE=InnoDB AUTO_INCREMENT=14 DEFAULT CHARSET=utf8;
/*!40101 SET character_set_client = @saved_cs_client */;

--
-- Dumping data for table `sacramentincome`
--

LOCK TABLES `sacramentincome` WRITE;
/*!40000 ALTER TABLE `sacramentincome` DISABLE KEYS */;
INSERT INTO `sacramentincome` VALUES (10,10,200,''),(11,11,200,''),(12,12,500,''),(13,13,2000,'');
/*!40000 ALTER TABLE `sacramentincome` ENABLE KEYS */;
UNLOCK TABLES;

--
-- Table structure for table `schedule`
--

DROP TABLE IF EXISTS `schedule`;
/*!40101 SET @saved_cs_client     = @@character_set_client */;
/*!40101 SET character_set_client = utf8 */;
CREATE TABLE `schedule` (
  `scheduleID` int(11) NOT NULL AUTO_INCREMENT,
  `title` text,
  `details` text,
  `startDateTime` datetime DEFAULT NULL,
  `endDateTime` datetime DEFAULT NULL,
  PRIMARY KEY (`scheduleID`)
) ENGINE=InnoDB DEFAULT CHARSET=utf8;
/*!40101 SET character_set_client = @saved_cs_client */;

--
-- Dumping data for table `schedule`
--

LOCK TABLES `schedule` WRITE;
/*!40000 ALTER TABLE `schedule` DISABLE KEYS */;
/*!40000 ALTER TABLE `schedule` ENABLE KEYS */;
UNLOCK TABLES;

--
-- Table structure for table `sponsor`
--

DROP TABLE IF EXISTS `sponsor`;
/*!40101 SET @saved_cs_client     = @@character_set_client */;
/*!40101 SET character_set_client = utf8 */;
CREATE TABLE `sponsor` (
  `sponsorID` int(11) NOT NULL AUTO_INCREMENT,
  `applicationID` int(11) DEFAULT NULL,
  `firstname` text,
  `midname` text,
  `lastname` text,
  `suffix` varchar(5) DEFAULT NULL,
  `gender` int(11) DEFAULT NULL,
  `residence` text,
  PRIMARY KEY (`sponsorID`),
  KEY `ApplicationID_idx` (`applicationID`),
  CONSTRAINT `ApplicationID` FOREIGN KEY (`applicationID`) REFERENCES `application` (`applicationID`) ON DELETE NO ACTION ON UPDATE NO ACTION
) ENGINE=InnoDB AUTO_INCREMENT=5 DEFAULT CHARSET=utf8;
/*!40101 SET character_set_client = @saved_cs_client */;

--
-- Dumping data for table `sponsor`
--

LOCK TABLES `sponsor` WRITE;
/*!40000 ALTER TABLE `sponsor` DISABLE KEYS */;
INSERT INTO `sponsor` VALUES (1,12,'Coretta','S','Sircy','',2,'Bathasia'),(2,12,'Augustus','E','Outman','Jr',1,'Quinnia'),(3,10,'Nellia','Q','Depriest','',2,'Peddef'),(4,10,'Sergio','V','Negron','II',1,'Whittingham');
/*!40000 ALTER TABLE `sponsor` ENABLE KEYS */;
UNLOCK TABLES;
/*!40103 SET TIME_ZONE=@OLD_TIME_ZONE */;

/*!40101 SET SQL_MODE=@OLD_SQL_MODE */;
/*!40014 SET FOREIGN_KEY_CHECKS=@OLD_FOREIGN_KEY_CHECKS */;
/*!40014 SET UNIQUE_CHECKS=@OLD_UNIQUE_CHECKS */;
/*!40101 SET CHARACTER_SET_CLIENT=@OLD_CHARACTER_SET_CLIENT */;
/*!40101 SET CHARACTER_SET_RESULTS=@OLD_CHARACTER_SET_RESULTS */;
/*!40101 SET COLLATION_CONNECTION=@OLD_COLLATION_CONNECTION */;
/*!40111 SET SQL_NOTES=@OLD_SQL_NOTES */;

-- Dump completed on 2017-09-09 12:02:29
